"religion","main_deity","main_deity_id","religion_id"
"道教","福德正神",1,"1"
"道教","觀世音菩薩",2,"1"
"道教","石府千歲",3,"1"
"道教","九天娘娘",4,"1"
"佛教","釋迦牟尼佛",5,"2"
"佛教","觀音",6,"2"
"道教","步道祖師",7,"1"
"道教","玄天上帝",8,"1"
"道教","伏羲氏",9,"1"
"道教","五府千歲",10,"1"
"道教","天上聖母",11,"1"
"道教","三山國王",12,"1"
"道教","劉府千歲",13,"1"
"道教","溫府千歲",14,"1"
"道教","萬善公",15,"1"
"道教","媽祖",16,"1"
"佛教","西方三聖",17,"2"
"道教","張府千歲",18,"1"
"道教","觀音佛祖",19,"1"
"道教","廣澤尊王",20,"1"
"一貫道","明明上帝",21,"3"
"道教","李府千歲",22,"1"
"道教","刑王爺",23,"1"
"道教","地母至尊",24,"1"
"道教","土地公",25,"1"
"道教","朱府千歲",26,"1"
"道教","清水祖師",27,"1"
"道教","六房天上聖母",28,"1"
"佛教","阿彌陀佛",29,"2"
"道教","善主公",30,"1"
"道教","保生大帝",31,"1"
"道教","三府王爺",32,"1"
"道教","田島千歲",33,"1"
"道教","姚府千歲",34,"1"
"道教","關聖帝君",35,"1"
"道教","萬善祠公",36,"1"
"佛教","千手觀音",37,"2"
"道教","荊府上帝",38,"1"
"道教","池府千歲",39,"1"
"道教","吳府三王爺",40,"1"
"道教","慚愧祖師",41,"1"
"道教","開漳聖王",42,"1"
"道教","元始天尊",43,"1"
"道教","玉皇上帝",44,"1"
"道教","瑤池金母",45,"1"
"道教","徐府三千歲",46,"1"
"道教","吳府千歲",47,"1"
"道教","北極玄天上帝",48,"1"
"道教","開台尊王",49,"1"
"道教","殷府王爺",50,"1"
"道教","五六府千歲",51,"1"
"道教","萬聖王",52,"1"
"佛教","趙府元帥（趙子龍公）",53,"2"
"道教","林府四元帥",54,"1"
"道教","無極至尊",55,"1"
"道教","王府老爺",56,"1"
"道教","冥應公",57,"1"
"道教","道德天尊",58,"1"
"道教","彌天老母",59,"1"
"道教","張天師",60,"1"
"佛教","地藏王菩薩",61,"2"
"道教","濟公活佛",62,"1"
"道教","三官大帝",63,"1"
"道教","中壇元帥",64,"1"
"道教","城隍尊神",65,"1"
"道教","玉皇大帝",66,"1"
"道教","神農大帝",67,"1"
"道教","古公三王",68,"1"
"道教","彩鳳公/谷主公/佑在公",69,"1"
"其他(儒教)","關聖帝君 觀世音菩薩",70,"5"
"道教","田府元帥",71,"1"
"道教","石聖爺",72,"1"
"道教","城隍爺",73,"1"
"道教","良崗尊王",74,"1"
"道教","陳聖王",75,"1"
"道教","釋迦佛祖",76,"1"
"道教","康府元帥",77,"1"
"道教","陌姓公陌姓婆",78,"1"
"道教","閭山法主",79,"1"
"道教","百姓公",80,"1"
"道教","開山聖帝君",81,"1"
"道教","福德爺",82,"1"
"道教","境主尊神",83,"1"
"一貫道","彌勒祖師",84,"3"
"道教","大鵬鳥元帥",85,"1"
"道教","普庵祖佛",86,"1"
"佛教","藥師佛",87,"2"
"道教","上帝公",88,"1"
"道教","仁聖大帝",89,"1"
"道教","文衡關聖帝君",90,"1"
"佛教","七寶如來佛",91,"2"
"道教","大眾爺地藏王",92,"1"
"道教","聖媽",93,"1"
"道教","蕭潘郭三府王爺",94,"1"
"佛教","觀音菩薩",95,"2"
"道教","玄天大帝",96,"1"
"道教","甘露神",97,"1"
"道教","西秦王爺",98,"1"
"道教","湄州天上聖母",99,"1"
"道教","方府千歲",100,"1"
"道教","孫千帥",101,"1"
"道教","大眾爺",102,"1"
"道教","三清道祖",103,"1"
"道教","女媧娘娘",104,"1"
"佛教","本師釋迦牟尼佛",105,"2"
"道教","萬善公婆",106,"1"
"道教","東嶽大帝",107,"1"
"道教","城隍",108,"1"
"一貫道","天德聖母",109,"3"
"道教","王先生",110,"1"
"道教","刑府千歲",111,"1"
"道教","池府三千歲",112,"1"
"道教","中壇太子元帥",113,"1"
"道教","乾元一?至上至尊",114,"1"
"道教","王媽娘娘",115,"1"
"道教","溫王爺",116,"1"
"道教","司命灶君",117,"1"
"道教","開台聖王",118,"1"
"佛教","西方三聖佛",119,"2"
"道教","八德公",120,"1"
"道教","主母娘娘",121,"1"
"道教","朱府親王爺",122,"1"
"道教","真武大帝",123,"1"
"道教","文衡聖帝",124,"1"
"道教","玉皇大天尊玄靈高上帝",125,"1"
"佛教","觀音大士",126,"2"
"道教","鄭成功",127,"1"
"道教","王禪老祖",128,"1"
"道教","蕭府千歲",129,"1"
"道教","千歲爺",130,"1"
"道教","三千歲",131,"1"
"道教","金府千歲",132,"1"
"道教","岳飛",133,"1"
"道教","溫府王爺",134,"1"
"道教","濟公",135,"1"
"道教","無極瑤池金母",136,"1"
"道教","關帝聖君",137,"1"
"道教","地母",138,"1"
"道教","五福大帝",139,"1"
"道教","九天玄女",140,"1"
"道教","黃府千歲",141,"1"
"道教","中軍府",142,"1"
"道教","五顯大帝",143,"1"
"道教","黃苗公",144,"1"
"道教","康府千歲",145,"1"
"道教","保儀大夫",146,"1"
"道教","天上聖母 保儀大夫 三代祖師",147,"1"
"道教","張府天師",148,"1"
"佛教","釋迦佛",149,"2"
"道教","開國仙帝",150,"1"
"道教","法主聖君",151,"1"
"道教","普庵祖師",152,"1"
"道教","開山聖王",153,"1"
"道教","西嶽大帝",154,"1"
"道教","三姓公",155,"1"
"道教","悟龍師父",156,"1"
"道教","萬壽公",157,"1"
"道教","黃欽府千歲",158,"1"
"道教","王爺公",159,"1"
"道教","大聖爺公",160,"1"
"道教","李鐵拐",161,"1"
"道教","五谷神帝",162,"1"
"道教","天上王母娘娘",163,"1"
"道教","盤古爺",164,"1"
"道教","劉仙姑",165,"1"
"道教","濟公禪師",166,"1"
"道教","萬善爺大將軍",167,"1"
"道教","開臺聖王鄭成功",168,"1"
"佛教","南無阿彌佗佛",169,"2"
"道教","茅府千歲",170,"1"
"道教","十二瘟王千歲",171,"1"
"道教","田都元帥",172,"1"
"道教","太上道祖 三清道祖",173,"1"
"佛教","南海觀音佛祖",174,"2"
"道教","三帥夫人",175,"1"
"道教","順王爺",176,"1"
"道教","清雲萬聖爺",177,"1"
"道教","太上李老君",178,"1"
"道教","太子爺",179,"1"
"道教","法主公",180,"1"
"道教","無極五母",181,"1"
"道教","浮池祖師",182,"1"
"道教","大寮伯",183,"1"
"道教","三太子",184,"1"
"道教","鎮山元帥",185,"1"
"一貫道","彌勒佛",186,"3"
"佛教","延平郡王",187,"2"
"佛教","地藏王",188,"2"
"道教","五年千歲",189,"1"
"道教","萬善爺",190,"1"
"道教","朱公一貴",191,"1"
"道教","巫府千歲",192,"1"
"道教","武府千歲",193,"1"
"道教","元帥爺",194,"1"
"道教","諸府千歲",195,"1"
"道教","三王太歲",196,"1"
"道教","禪師菩薩",197,"1"
"道教","田都元帥爺",198,"1"
"道教","三寶佛祖",199,"1"
"道教","西王金母",200,"1"
"道教","辜婦媽",201,"1"
"道教","五毒神",202,"1"
"道教","七祖仙師",203,"1"
"道教","姜太公",204,"1"
"道教","余仙祖",205,"1"
"道教","文昌帝君",206,"1"
"道教","王母娘娘",207,"1"
"道教","民主公王爺",208,"1"
"道教","張李莫馬池府千歲",209,"1"
"佛教","彌勒尊佛",210,"2"
"道教","張吳二位媽祖",211,"1"
"道教","保儀尊王",212,"1"
"道教","池府王爺",213,"1"
"道教","五榖先帝",214,"1"
"佛教","佛祖",215,"2"
"道教","城隍廟公",216,"1"
"道教","路嬌姑媽",217,"1"
"佛教","三寶佛",218,"2"
"道教","玄壇公",219,"1"
"道教","太子元帥",220,"1"
"佛教","南無本師釋迦牟尼佛",221,"2"
"道教","三藍祖師",222,"1"
"道教","下元水官大帝",223,"1"
"道教","威靈王池府千歲",224,"1"
"道教","九府仙師",225,"1"
"道教","太上老君",226,"1"
"道教","郭王爺",227,"1"
"道教","雷府大將爺",228,"1"
"道教","大王爺",229,"1"
"道教","韓府王爺",230,"1"
"道教","謝府元帥",231,"1"
"道教","保生二大帝",232,"1"
"道教","道濟仙師",233,"1"
"道教","徐府千歲",234,"1"
"道教","金童仙子",235,"1"
"軒轅教","黃帝",236,"8"
"道教","萬善同歸公",237,"1"
"佛教","玄天上帝/觀音佛祖",238,"2"
"道教","黃府天使",239,"1"
"道教","王孫大使",240,"1"
"道教","天上聖母媽祖",241,"1"
"道教","三坪祖師",242,"1"
"佛教","大日如來",243,"2"
"道教","梁府千歲 朱府千歲",244,"1"
"道教","無極三清道祖",245,"1"
"道教","劉府王爺",246,"1"
"其他(儒教)","王天君",247,"5"
"道教","有應公",248,"1"
"道教","蔡婆主帥",249,"1"
"道教","八卦祖師",250,"1"
"道教","三姓尊王",251,"1"
"道教","義民公",252,"1"
"道教","陳池姜三王爺",253,"1"
"道教","伏羲大帝",254,"1"
"佛教","千手千眼觀世音菩薩",255,"2"
"道教","五府千歲 邢府王爺",256,"1"
"一貫道","彌勒古佛",257,"3"
"道教","普度公",258,"1"
"道教","山西夫子",259,"1"
"道教","普唵佛祖",260,"1"
"道教","趙府千歲",261,"1"
"道教","雷府千歲",262,"1"
"道教","三奶夫人",263,"1"
"道教","姚池千歲",264,"1"
"佛教","觀世音佛祖",265,"2"
"道教","李府三尊王",266,"1"
"道教","仙姑娘",267,"1"
"道教","敵天大帝",268,"1"
"道教","道濟古佛",269,"1"
"佛教","準提菩薩",270,"2"
"道教","財神爺",271,"1"
"道教","洪先生公",272,"1"
"道教","豁落靈官",273,"1"
"道教","輔順將軍",274,"1"
"道教","水僊尊王",275,"1"
"道教","媽祖三府千歲",276,"1"
"道教","龍樹尊王",277,"1"
"道教","北極玄天真武上帝",278,"1"
"一貫道","彌勒佛祖",279,"3"
"道教","天水夫人",280,"1"
"道教","褒忠義民爺",281,"1"
"道教","吳鳳公",282,"1"
"道教","蘇府王爺",283,"1"
"道教","八仙",284,"1"
"道教","吳府千歲 吳府聖神",285,"1"
"道教","朱府王爺",286,"1"
"道教","閭山三位祖師",287,"1"
"道教","松樹尊王",288,"1"
"道教","萬姓公 萬姓媽",289,"1"
"道教","林府千歲",290,"1"
"道教","黃府千歲 包府千歲",291,"1"
"道教","北極真武老祖",292,"1"
"道教","南海佛祖",293,"1"
"道教","廣惠尊王",294,"1"
"道教","五府王爺",295,"1"
"道教","冥漠公",296,"1"
"道教","萬應公祖",297,"1"
"佛教","地藏古佛",298,"2"
"道教","麗伯公",299,"1"
"道教","昊天金闕至尊玉皇大帝",300,"1"
"道教","都城隍",301,"1"
"道教","軒轅黃帝",302,"1"
"道教","玄玄上人",303,"1"
"道教","五谷聖帝",304,"1"
"道教","三恩主",305,"1"
"道教","南斗天神",306,"1"
"道教","樟仙師",307,"1"
"道教","潘府王爺",308,"1"
"道教","聖公聖媽",309,"1"
"道教","圓通自在天尊",310,"1"
"道教","蕭大哥",311,"1"
"道教","孫臏真人",312,"1"
"道教","隨駕王爺李勇",313,"1"
"道教","北方真武上帝",314,"1"
"佛教","西方三聖 釋迦牟尼佛",315,"2"
"佛教","南無觀世音菩薩",316,"2"
"道教","萬應公",317,"1"
"佛教","千手千眼觀音菩薩",318,"2"
"道教","水仙尊王",319,"1"
"道教","盧聖伯公",320,"1"
"道教","齊天大聖",321,"1"
"其他(儒教)","南天文衡聖帝",322,"5"
"道教","大伯爺",323,"1"
"道教","伯聖尊王",324,"1"
"道教","伏羲先帝",325,"1"
"道教","九天真王",326,"1"
"道教","萬善同莊永公",327,"1"
"道教","天上三聖母",328,"1"
"佛教","大梵天王",329,"2"
"道教","財神土地公",330,"1"
"道教","季府三千歲",331,"1"
"道教","慈善爺",332,"1"
"道教","七府王爺",333,"1"
"道教","飛天大聖",334,"1"
"佛教","達摩祖師佛",335,"2"
"道教","廣澤尊王 城隍爺公",336,"1"
"道教","海皇天子",337,"1"
"道教","保生上帝",338,"1"
"道教","周府千歲",339,"1"
"道教","孫真人",340,"1"
"道教","李府三元帥",341,"1"
"道教","吳府千歲 五府千歲",342,"1"
"道教","順天聖母",343,"1"
"道教","開台國姓",344,"1"
"道教","濟公菩薩",345,"1"
"道教","義民爺",346,"1"
"道教","福德正神土地公",347,"1"
"道教","萬應公爺",348,"1"
"道教","張公聖君",349,"1"
"道教","封府千歲",350,"1"
"道教","枉死城城主",351,"1"
"道教","千軍萬馬帥",352,"1"
"道教","松樹王",353,"1"
"道教","劉國公",354,"1"
"佛教","釋迦如來",355,"2"
"道教","巧聖仙師",356,"1"
"道教","上帝爺",357,"1"
"道教","元帥",358,"1"
"道教","伍佛祖",359,"1"
"道教","神農大帝 三山國王",360,"1"
"道教","蘇府千歲",361,"1"
"道教","萬善同公",362,"1"
"道教","李朱池 三府千歲",363,"1"
"道教","大伯爺介子推",364,"1"
"道教","好漢公",365,"1"
"道教","義民三公",366,"1"
"道教","長生大帝",367,"1"
"道教","五谷大帝",368,"1"
"道教","玉天三大子",369,"1"
"道教","紀府千歲",370,"1"
"佛教","三寶佛 齊天大聖",371,"2"
"道教","劉府大尊王 黃府二尊王 李府三尊王",372,"1"
"道教","游府千歲",373,"1"
"道教","校地爺公",374,"1"
"道教","順正府大王公",375,"1"
"道教","白馬尊王",376,"1"
"道教","道元祖師爺",377,"1"
"道教","協天聖帝",378,"1"
"道教","廣澤童子",379,"1"
"佛教","釋迦文佛",380,"2"
"道教","七娘媽",381,"1"
"道教","瞿公真人",382,"1"
"道教","太陽星君",383,"1"
"道教","周府王爺",384,"1"
"道教","協天大帝",385,"1"
"道教","五年王",386,"1"
"道教","范府千歲",387,"1"
"道教","財神王爺",388,"1"
"道教","忠義公",389,"1"
"道教","哪吒三太子",390,"1"
"道教","蘇府三王爺",391,"1"
"道教","玉皇大天尊",392,"1"
"道教","忠義公元帥",393,"1"
"道教","三忠公",394,"1"
"道教","感天上帝",395,"1"
"佛教","地藏菩薩",396,"2"
"道教","張府元帥",397,"1"
"道教","朱池李三王爺",398,"1"
"道教","呂府千歲",399,"1"
"道教","岳府元帥",400,"1"
"道教","金吒太子",401,"1"
"道教","三府千歲",402,"1"
"道教","五主王爺",403,"1"
"道教","吳府三千歲",404,"1"
"道教","老大公",405,"1"
"道教","霞海城隍",406,"1"
"佛教","趙聖定遠帝君",407,"2"
"道教","土地正神",408,"1"
"道教","三代祖師",409,"1"
"道教","玄天上帝爺",410,"1"
"道教","六根莊萬應公",411,"1"
"道教","五穀大帝",412,"1"
"道教","包府千歲",413,"1"
"道教","金聖公",414,"1"
"道教","岳武穆王",415,"1"
"道教","蕭府王爺",416,"1"
"道教","土地公土地婆",417,"1"
"道教","丁府八千歲",418,"1"
"道教","藥王大帝",419,"1"
"道教","北府五王",420,"1"
"道教","西王聖母",421,"1"
"道教","武德侯",422,"1"
"道教","白府千歲",423,"1"
"道教","莫府元帥",424,"1"
"道教","太元聖母",425,"1"
"道教","木吒二太子",426,"1"
"道教","牧馬侯",427,"1"
"道教","馬府大帝",428,"1"
"道教","邢府千歲",429,"1"
"道教","元始天王",430,"1"
"道教","孚佑帝君",431,"1"
"道教","盤古公",432,"1"
"道教","福州聖母",433,"1"
"道教","托塔天王李靖",434,"1"
"佛教","如來佛",435,"2"
"道教","利眾公",436,"1"
"道教","有〈萬〉應公",437,"1"
"道教","太上道德天尊",438,"1"
"道教","五谷先帝",439,"1"
"道教","朱李池王爺",440,"1"
"道教","通天教主",441,"1"
"道教","盤古開天王",442,"1"
"道教","出軍公元師",443,"1"
"道教","盤古聖帝",444,"1"
"佛教","釋迦牟尼",445,"2"
"道教","孫臏仙師",446,"1"
"道教","紫微大帝",447,"1"
"道教","天府王爺楊府五使池府千歲",448,"1"
"道教","無極老母",449,"1"
"道教","雷朱薛刑四府王爺",450,"1"
"道教","開天大帝",451,"1"
"道教","無極王母",452,"1"
"道教","康蘇池府千歲",453,"1"
"道教","關聖帝",454,"1"
"道教","大德禪師(五使公)",455,"1"
"道教","萬姓公",456,"1"
"道教","倪府千歲",457,"1"
"道教","馬國公",458,"1"
"道教","鎮海元帥",459,"1"
"道教","福德正神 媽祖",460,"1"
"道教","包青天",461,"1"
"道教","顯應祖師",462,"1"
"道教","盧府千歲",463,"1"
"道教","朱王爺",464,"1"
"道教","義民",465,"1"
"道教","無極瑤池金母大天尊",466,"1"
"道教","五雷元帥",467,"1"
"佛教","地藏王菩薩萬善爺",468,"2"
"道教","正官正王",469,"1"
"道教","萬姓爺",470,"1"
"道教","南嶽聖侯",471,"1"
"道教","香山祖師",472,"1"
"道教","帝爺公",473,"1"
"道教","土地元帥",474,"1"
"道教","義士爺",475,"1"
"道教","恩主聖侯",476,"1"
"道教","廣濟禪師",477,"1"
"道教","岳府王爺",478,"1"
"道教","楊公仙師",479,"1"
"道教","董王爺",480,"1"
"道教","哪吒太子",481,"1"
"道教","臨水夫人陳靖姑",482,"1"
"道教","白馬大王",483,"1"
"道教","司命真君",484,"1"
"道教","清府王爺",485,"1"
"道教","中壇玄師",486,"1"
"佛教","達摩祖師",487,"2"
"佛教","地藏王菩薩 釋迦牟尼佛 觀世音菩薩",488,"2"
"道教","馬府千歲",489,"1"
"佛教","雙忠聖王",490,"2"
"道教","神農帝君",491,"1"
"道教","福德正神 福德夫人",492,"1"
"道教","泉州公",493,"1"
"道教","順天元帥",494,"1"
"道教","大將爺",495,"1"
"道教","三尊大帝",496,"1"
"道教","楊府太師",497,"1"
"佛教","文殊師利菩薩",498,"2"
"道教","關二爺",499,"1"
"道教","厲王爺",500,"1"
"道教","楊府真人",501,"1"
"道教","無極小王爺",502,"1"
"道教","邢府王爺",503,"1"
"道教","五府千歲 三山老祖",504,"1"
"道教","朱池李三千歲",505,"1"
"道教","朱 李 池府千歲",506,"1"
"道教","三侯郡馬千歲",507,"1"
"道教","巧聖先師",508,"1"
"道教","三恩主公",509,"1"
"道教","萬應媽",510,"1"
"佛教","佛母準提王菩薩",511,"2"
"道教","英豪祖師",512,"1"
"道教","三府元帥",513,"1"
"道教","西王瑤池金母",514,"1"
"道教","六姓府王爺",515,"1"
"道教","中軍元帥",516,"1"
"佛教","觀世音",517,"2"
"道教","九郎公神龕",518,"1"
"道教","神農聖帝",519,"1"
"道教","聖王公",520,"1"
"道教","黃將軍",521,"1"
"佛教","南海觀世音",522,"2"
"道教","李府將軍爺",523,"1"
"道教","金母娘娘(天上主母)",524,"1"
"道教","南發元帥",525,"1"
"道教","三代公",526,"1"
"道教","保安夫人",527,"1"
"道教","七仙姑",528,"1"
"道教","朱李池三府王爺",529,"1"
"道教","丁軍爺",530,"1"
"道教","皇母娘娘",531,"1"
"道教","北極大帝",532,"1"
"道教","三教佛祖",533,"1"
"道教","倪府王爺",534,"1"
"道教","國聖王",535,"1"
"道教","張府九千歲",536,"1"
"道教","紀大帝",537,"1"
"道教","開臺聖王",538,"1"
"道教","太乙真人",539,"1"
"道教","天上聖母 南天福德正神",540,"1"
"道教","二路元帥",541,"1"
"道教","五穀仙帝",542,"1"
"道教","正一天師",543,"1"
"道教","白靈公",544,"1"
"道教","西蓁荖千歲",545,"1"
"道教","五谷神農皇帝",546,"1"
"道教","三府王爺 開山聖王",547,"1"
"佛教","正法明如來",548,"2"
"道教","普庵真人",549,"1"
"道教","玉皇太子",550,"1"
"道教","天羅至尊",551,"1"
"道教","武安尊王",552,"1"
"道教","魁星夫子",553,"1"
"道教","五靈公",554,"1"
"道教","白府代天巡狩",555,"1"
"道教","楊府元帥",556,"1"
"道教","女媧娘神",557,"1"
"道教","謝安公",558,"1"
"道教","縣城隍",559,"1"
"道教","里主尊王爺",560,"1"
"道教","慈濟聖母",561,"1"
"道教","丁府千歲",562,"1"
"道教","丁府八千歲 丁府元帥 丁府王爺",563,"1"
"道教","金王爺",564,"1"
"道教","普庵佛祖",565,"1"
"道教","陳府城隍",566,"1"
"道教","黃府王爺",567,"1"
"道教","盤古開天祖",568,"1"
"道教","董府千歲",569,"1"
"道教","玄天上帝 池府千歲 福德正神",570,"1"
"道教","無極至尊元始天王",571,"1"
"道教","黃元帥",572,"1"
"道教","七府千歲",573,"1"
"道教","九龍觀世音菩薩",574,"1"
"道教","救世真人",575,"1"
"道教","邢王爺",576,"1"
"道教","王恩公(王府千歲)",577,"1"
"道教","武安尊王 文安尊王",578,"1"
"道教","孔府千歲",579,"1"
"道教","武聖關公",580,"1"
"道教","平水天王",581,"1"
"道教","三仙國王",582,"1"
"道教","玄天真武大帝",583,"1"
"道教","太上道祖",584,"1"
"道教","王靈天君",585,"1"
"道教","邱春娘",586,"1"
"道教","池王爺",587,"1"
"道教","周大王",588,"1"
"道教","王大姊",589,"1"
"道教","王府三千歲",590,"1"
"道教","九龍三公",591,"1"
"道教","朱李池千歲",592,"1"
"道教","謝府五元帥",593,"1"
"道教","無極聖祖",594,"1"
"道教","伍恩主公",595,"1"
"道教","太陽神君",596,"1"
"道教","張公法主",597,"1"
"道教","助順將軍",598,"1"
"道教","仙姑媽",599,"1"
"道教","金府王爺",600,"1"
"道教","石公",601,"1"
"佛教","紫衣菩薩",602,"2"
"道教","純陽帝君",603,"1"
"道教","開天聖帝",604,"1"
"道教","五顯靈官華光大帝",605,"1"
"道教","友聖公",606,"1"
"道教","東營元帥",607,"1"
"道教","老賽公佛",608,"1"
"道教","拾壹公",609,"1"
"道教","白衣祖師",610,"1"
"佛教","釋迦牟尼佛 觀世音菩薩",611,"2"
"道教","保安尊王",612,"1"
"道教","王仙姑",613,"1"
"道教","法主公聖君",614,"1"
"道教","萬人爺公",615,"1"
"道教","照應神君",616,"1"
"道教","蘇府大王爺",617,"1"
"道教","青山靈安尊",618,"1"
"道教","開天炎帝",619,"1"
"佛教","虛空藏菩薩",620,"2"
"道教","五瘟大帝",621,"1"
"道教","李王",622,"1"
"道教","荷葉仙師",623,"1"
"道教","代天巡狩",624,"1"
"佛教","如來佛祖",625,"2"
"道教","聖侯恩主",626,"1"
"其他(黃中)","天下巡按君",627,"12"
"道教","張李莫府千歲",628,"1"
"佛教","南無阿彌陀佛/南無觀世音菩薩",629,"2"
"道教","施聖王",630,"1"
"道教","天上聖母太子觀音佛祖",631,"1"
"道教","小祖娘媽",632,"1"
"道教","春姑婆",633,"1"
"道教","護國城隍老爺",634,"1"
"道教","祖師公",635,"1"
"道教","楊府爺",636,"1"
"道教","三一教主",637,"1"
"佛教","大自在王佛",638,"2"
"道教","無極混元三聖大天尊",639,"1"
"道教","白馬文武大王",640,"1"
"道教","楊府千歲",641,"1"
"道教","順府王爺",642,"1"
"道教","吳府王爺",643,"1"
"佛教","觀音媽",644,"2"
"道教","郭府千歲",645,"1"
"道教","靖忠元帥",646,"1"
"道教","百姓公媽",647,"1"
"道教","里主尊王",648,"1"
"道教","五尊恩主",649,"1"
"道教","三元帥",650,"1"
"道教","排骨先師",651,"1"
"佛教","釋迦佛彌陀佛",652,"2"
"道教","觀音三菩薩",653,"1"
"道教","趙府元帥",654,"1"
"道教","魯班先師",655,"1"
"道教","寶聖王佛",656,"1"
"道教","萬軍主帥",657,"1"
"道教","千手千眼觀音",658,"1"
"道教","萬靈公",659,"1"
"道教","南天聖帝",660,"1"
"道教","三仙女",661,"1"
"道教","李府王爺",662,"1"
"道教","西極天王",663,"1"
"道教","案君元帥",664,"1"
"佛教","清水祖師公",665,"2"
"道教","四府將軍",666,"1"
"道教","玉皇大帝佛尊",667,"1"
"道教","北港媽祖",668,"1"
"道教","伽藍尊神",669,"1"
"道教","忠順聖王",670,"1"
"道教","戴代王",671,"1"
"道教","三魚王",672,"1"
"道教","三光",673,"1"
"道教","林府王爺",674,"1"
"佛教","藥師琉璃光如來",675,"2"
"道教","五十三將軍",676,"1"
"道教","范王公",677,"1"
"道教","池張李府千歲",678,"1"
"道教","陳仙姑",679,"1"
"道教","開台聖王 開漳聖王 齊天大聖",680,"1"
"道教","酈府王爺",681,"1"
"道教","開台國聖",682,"1"
"道教","焦面大士",683,"1"
"道教","趙公明元帥",684,"1"
"道教","孚佑帝君 關聖帝君 司命真君",685,"1"
"道教","道濟禪師",686,"1"
"道教","遊巡七府大王",687,"1"
"道教","井邊將軍",688,"1"
"道教","李府元帥",689,"1"
"道教","李府尊王",690,"1"
"道教","楊府七千歲",691,"1"
"道教","三聖大帝",692,"1"
"道教","平水大王",693,"1"
"佛教","天上聖母福德正神",694,"2"
"道教","福德正神 哪吒太子",695,"1"
"佛教","西方佛祖",696,"2"
"道教","王府千歲",697,"1"
"佛教","釋迦 觀音 文殊 普賢",698,"2"
"道教","山王聖君",699,"1"
"道教","三尊恩王",700,"1"
"道教","恩主公",701,"1"
"道教","吳將軍",702,"1"
"道教","九天三聖帝",703,"1"
"道教","朱伍府千歲",704,"1"
"道教","大將爺公",705,"1"
"道教","靈山老母",706,"1"
"道教","宣靈公劉",707,"1"
"佛教","觀世音妙佛",708,"2"
"道教","蘇王爺",709,"1"
"道教","海眾先師",710,"1"
"道教","朱 金 雷三府王爺",711,"1"
"道教","菁埔夫人",712,"1"
"道教","康濟明王",713,"1"
"道教","學法祖師公",714,"1"
"道教","李靖托塔天王",715,"1"
"道教","伽藍爺",716,"1"
"道教","護國尊王",717,"1"
"道教","西方元帥",718,"1"
"佛教","媽袓天上聖母",719,"2"
"道教","天師大帝",720,"1"
"道教","萬應公媽",721,"1"
"道教","王老仙師",722,"1"
"道教","李太白金星",723,"1"
"道教","豁落靈官王天君",724,"1"
"道教","延平邵王鄭成功",725,"1"
"道教","周府將軍",726,"1"
"道教","大聖公",727,"1"
"其他(儒教)","孔子",728,"5"
"道教","玄天上帝趙李元帥",729,"1"
"道教","林王爺",730,"1"
"道教","風神爺",731,"1"
"道教","南無準提佛母",732,"1"
"道教","聖姑",733,"1"
"道教","舍人公",734,"1"
"道教","南鯤鯓萬善爺公",735,"1"
"道教","吳府元帥",736,"1"
"佛教","無量音聲王佛",737,"2"
"道教","皇公",738,"1"
"道教","三法大將軍",739,"1"
"道教","東王木公",740,"1"
"佛教","金仙姑菩薩",741,"2"
"道教","天上主宰大原靈聖位",742,"1"
"道教","評周元帥",743,"1"
"道教","三位夫人",744,"1"
"佛教","南無藥師佛",745,"2"
"道教","孫臏祖師",746,"1"
"道教","呂洞賓",747,"1"
"道教","地母尊神",748,"1"
"道教","張聖真君",749,"1"
"道教","邱吳溫周四府王爺",750,"1"
"道教","陰陽公",751,"1"
"道教","謝映登仙翁",752,"1"
"道教","帥爺",753,"1"
"道教","道濟先師",754,"1"
"道教","金李池王爺",755,"1"
"道教","六府千歲",756,"1"
"道教","溫王千歲",757,"1"
"道教","張巡尊王",758,"1"
"道教","張吳媽祖",759,"1"
"道教","玉皇公主",760,"1"
"道教","霞海城隍尊神",761,"1"
"道教","大眾媽神",762,"1"
"道教","革命先烈羅福星褒忠義民爺",763,"1"
"道教","仙公",764,"1"
"道教","輔信王公（李伯瑤）",765,"1"
"道教","顧夫人媽",766,"1"
"佛教","三代浮佛",767,"2"
"道教","東華帝君",768,"1"
"佛教","準提大菩薩",769,"2"
"道教","朱府三王爺",770,"1"
"道教","包公尊主",771,"1"
"佛教","玄天上帝 南海佛祖",772,"2"
"佛教","華嚴三聖",773,"2"
"佛教","伍佛佛祖",774,"2"
"道教","武德英侯",775,"1"
"道教","開漳聖王公",776,"1"
"道教","三王公",777,"1"
"道教","洪府二元帥",778,"1"
"道教","三王爺",779,"1"
"道教","阿立祖",780,"1"
"道教","姑娘媽",781,"1"
"道教","玉皇三宮主",782,"1"
"道教","西天真人地藏王公",783,"1"
"道教","何府千歲",784,"1"
"道教","靈應公",785,"1"
"道教","呂仙祖",786,"1"
"道教","威靈公都城隍",787,"1"
"道教","南無濟公禪師",788,"1"
"道教","天上聖母 保生大帝",789,"1"
"道教","民主千歲",790,"1"
"道教","無極瑤池大聖西王金母大天尊",791,"1"
"道教","薛府千歲",792,"1"
"道教","關帝爺",793,"1"
"道教","陳奶夫人",794,"1"
"道教","華隆仙翁",795,"1"
"道教","無極瑤池金母娘娘",796,"1"
"道教","王爺",797,"1"
"道教","大將公",798,"1"
"道教","騎虎尊王",799,"1"
"道教","太祖",800,"1"
"道教","華光大帝",801,"1"
"道教","池府 溫府 蘇府王爺",802,"1"
"道教","鴻鈞老祖",803,"1"
"道教","三姑娘",804,"1"
"道教","代天法主",805,"1"
"道教","謝府千歲",806,"1"
"道教","龍德星君",807,"1"
"道教","媽祖娘",808,"1"
"道教","五穀神農",809,"1"
"道教","劍童公",810,"1"
"道教","九龍魏府三公爺",811,"1"
"道教","楊五賽元帥",812,"1"
"道教","玄壇元帥",813,"1"
"道教","金闕大帝",814,"1"
"道教","周倉大將軍",815,"1"
"道教","黃聖王",816,"1"
"道教","池府千歲 三曹老爺 中壇元帥",817,"1"
"道教","先代公",818,"1"
"道教","蘇秦李王爺",819,"1"
"道教","南極仙翁",820,"1"
"佛教","南海普陀山觀世音菩薩",821,"2"
"佛教","南無釋迦牟尼佛",822,"2"
"道教","灶君爺",823,"1"
"道教","四府王爺",824,"1"
"道教","南普陀佛祖",825,"1"
"道教","蓮花菩薩",826,"1"
"道教","樹王公",827,"1"
"佛教","南天福德正神",828,"2"
"道教","田督元帥",829,"1"
"道教","太上元始天尊",830,"1"
"道教","註生娘娘",831,"1"
"道教","金吉姚三府王爺",832,"1"
"道教","王公",833,"1"
"道教","金鳳姑",834,"1"
"道教","李府仙祖",835,"1"
"道教","瑤池西王金母大天尊",836,"1"
"佛教","南海觀世音菩薩",837,"2"
"道教","保儀尊王尪元帥",838,"1"
"道教","玉天大帝",839,"1"
"道教","玄天上帝 關聖帝君",840,"1"
"佛教","釋迦牟尼/觀世音菩薩",841,"2"
"道教","三界公",842,"1"
"佛教","釋迦牟尼佛 觀音菩薩",843,"2"
"道教","陳蕊娘",844,"1"
"道教","觀音三佛祖",845,"1"
"道教","朱薛彭三府王爺",846,"1"
"道教","玄天上帝包府千歲關聖帝君",847,"1"
"道教","飛像四將軍",848,"1"
"道教","蕭府大帝",849,"1"
"道教","三山國王 天上聖母 玄天上帝",850,"1"
"佛教","準提佛母",851,"2"
"道教","陳公協台",852,"1"
"道教","太元老母",853,"1"
"道教","磐古聖帝",854,"1"
"道教","大宋三忠王",855,"1"
"道教","粵東褒忠義民神位",856,"1"
"道教","濟公仙師",857,"1"
"道教","任聖公",858,"1"
"道教","陳元帥",859,"1"
"道教","三法師",860,"1"
"道教","太白金仙",861,"1"
"佛教","准提菩薩",862,"2"
"道教","東嶽仁聖大帝",863,"1"
"道教","五府元帥",864,"1"
"道教","什三王爺",865,"1"
"道教","華陀仙師",866,"1"
"道教","玄天上帝 神農大帝",867,"1"
"道教","廣澤保安尊王",868,"1"
"道教","忠義聖君",869,"1"
"道教","萬聖爺",870,"1"
"一貫道","觀世音佛 彌勒佛",871,"3"
"道教","大士爺",872,"1"
"佛教","濟公聖佛",873,"2"
"道教","王爺宮(雷府千歲)",874,"1"
"道教","柒府千歲",875,"1"
"道教","靖惠侯敦仁公",876,"1"
"天帝教","玄穹高上帝",877,"18"
"道教","蔡府元帥",878,"1"
"道教","廣惠尊者",879,"1"
"佛教","千手觀世音菩薩",880,"2"
"道教","池府四公子爺",881,"1"
"道教","羅府千歲",882,"1"
"道教","伍府恩主公",883,"1"
"道教","雷王爺",884,"1"
"道教","伍府千歲",885,"1"
"道教","田元帥",886,"1"
"道教","蘇府大王爺 天上聖母",887,"1"
"道教","聖祖",888,"1"
"道教","五老大天尊",889,"1"
"道教","天上聖母 觀音佛祖 八聖娘娘",890,"1"
"道教","朱府千歲金母娘娘",891,"1"
"道教","文武城隍公",892,"1"
"道教","無極原始大天尊",893,"1"
"道教","好漢大將軍",894,"1"
"道教","天官五路武財神無完財神尊",895,"1"
"道教","盤古萬歲",896,"1"
"道教","東門王爺",897,"1"
"道教","伍顯大帝",898,"1"
"道教","九府王爺",899,"1"
"佛教","慧妙聖母",900,"2"
"道教","境主爺",901,"1"
"道教","十八王公",902,"1"
"道教","鴻鈞道祖",903,"1"
"道教","泰山仙祖",904,"1"
"道教","池府老千歲",905,"1"
"道教","忠義公碑",906,"1"
"道教","聖母娘娘",907,"1"
"道教","三山護國國王",908,"1"
"道教","百姓公 百姓婆",909,"1"
"道教","萬法祖師",910,"1"
"道教","百姓公福德正神",911,"1"
"道教","雷府大將公",912,"1"
"佛教","御本尊",913,"2"
"佛教","鄭府元帥",914,"2"
"道教","孔夫子 關聖帝君",915,"1"
"道教","無極天王",916,"1"
"道教","高府元帥",917,"1"
"道教","薛府王爺",918,"1"
"道教","九聖帝",919,"1"
"道教","九天四聖帝",920,"1"
"道教","松府千歲",921,"1"
"佛教","阿彌陀佛 藥師佛 釋迦牟尼佛",922,"2"
"道教","伽藍尊王",923,"1"
"佛教","釋迦牟尼佛/觀世音菩薩",924,"2"
"道教","開基聖母",925,"1"
"道教","聖仁保生大帝",926,"1"
"道教","五榖王",927,"1"
"道教","褒忠義民",928,"1"
"道教","遊府千歲",929,"1"
"道教","武德尊侯",930,"1"
"道教","文武尊王",931,"1"
"道教","五福神",932,"1"
"道教","其他",933,"1"
"道教","福德正神 廣澤尊王 古公三王",934,"1"
"道教","驪山老母",935,"1"
"道教","郝府王爺",936,"1"
"道教","西秦老王爺",937,"1"
"道教","岳武穆王帝君",938,"1"
"道教","尤府千歲",939,"1"
"道教","吳府三王",940,"1"
"道教","城隍尊王",941,"1"
"道教","五府三千歲",942,"1"
"道教","太師爺",943,"1"
"道教","福德正神公公",944,"1"
"道教","古公三聖",945,"1"
"道教","伏魔大帝",946,"1"
"道教","黃吉公",947,"1"
"佛教","三聖大佛",948,"2"
"道教","玉王千歲",949,"1"
"道教","崗山佛祖",950,"1"
"道教","輔信王公",951,"1"
"道教","許府大將軍",952,"1"
"道教","濟公禪師 吳相府千歲",953,"1"
"道教","閭山張公法王",954,"1"
"道教","倪府聖公爺",955,"1"
"道教","謝府王公",956,"1"
"道教","李扥塔天王",957,"1"
"道教","濟世光耀大帝李觀濤",958,"1"
"道教","如意娘娘",959,"1"
"道教","周黃府先鋒",960,"1"
"道教","李王爺",961,"1"
"道教","石府元帥",962,"1"
"道教","龍樹尊王.金府千歲",963,"1"
"佛教","阿彌佗佛",964,"2"
"道教","西天老母",965,"1"
"道教","蔡媽娘娘",966,"1"
"道教","趙大王",967,"1"
"道教","魯班公",968,"1"
"道教","東方木公",969,"1"
"道教","田中將軍",970,"1"
"道教","四府千歲",971,"1"
"道教","無極老母娘娘",972,"1"
"道教","康趙元帥",973,"1"
"道教","清朝末年戰亡官兵",974,"1"
"道教","張姑婆媽",975,"1"
"道教","道教神",976,"1"
"道教","六桂宗祖",977,"1"
"道教","北極先天朱王",978,"1"
"道教","金母娘娘",979,"1"
"道教","月姑娘娘",980,"1"
"道教","明山國王",981,"1"
"道教","池府元帥",982,"1"
"道教","順正大王公",983,"1"
"道教","楊令公",984,"1"
"道教","大眾媽",985,"1"
"道教","刑天王爺",986,"1"
"佛教","南無佛掱觀世音菩薩",987,"2"
"佛教","濟公佛祖",988,"2"
"道教","九天尊王",989,"1"
"道教","地母娘娘",990,"1"
"道教","北嶽大帝",991,"1"
"道教","陳靖姑",992,"1"
"道教","無極瑤池西王老母",993,"1"
"道教","關帝君",994,"1"
"道教","李光前將軍",995,"1"
"道教","包蕭雷三府王爺",996,"1"
"道教","陳府二元帥",997,"1"
"道教","梁府千歲",998,"1"
"道教","萬善爺圓仔公",999,"1"
"道教","六堆民眾之忠勇烈士",1000,"1"
"道教","太乙真人 救世真人•穆真人",1001,"1"
"道教","南海觀世音佛祖",1002,"1"
"道教","朱刑李三千歲",1003,"1"
"道教","黑虎大將",1004,"1"
"道教","靈寶天尊",1005,"1"
"佛教","六將尊神",1006,"2"
"道教","詹公聖侯",1007,"1"
"道教","大眾爺公",1008,"1"
"道教","媽祖娘娘",1009,"1"
"道教","池.池.吳府王爺",1010,"1"
"道教","五府池千歲",1011,"1"
"道教","魏王爺",1012,"1"
"道教","勇伯公",1013,"1"
"道教","三官大帝三山國王",1014,"1"
"道教","國聖爺",1015,"1"
"道教","南極大帝",1016,"1"
"道教","章大巡",1017,"1"
"道教","朱 邢 李三王爺",1018,"1"
"道教","二郎神君",1019,"1"
"道教","無極玉皇大天至尊",1020,"1"
"道教","五虎將",1021,"1"
"道教","伍年千歲",1022,"1"
"道教","十三名義民",1023,"1"
"道教","徐府王爺",1024,"1"
"道教","太陽公",1025,"1"
"佛教","彌勒如來",1026,"2"
"佛教","普賢菩薩",1027,"2"
"道教","恩主公-陳淵",1028,"1"
"道教","余府千歲",1029,"1"
"道教","大夏聖帝",1030,"1"
"道教","東陵武聖帝君",1031,"1"
"道教","一將二軍",1032,"1"
"道教","招福德武財神",1033,"1"
"道教","漁師爺",1034,"1"
"道教","鄔府千歲",1035,"1"
"道教","水仙王",1036,"1"
"道教","十八羅漢尊者",1037,"1"
"佛教","慈航觀世音",1038,"2"
"道教","劉府仙公",1039,"1"
"道教","臨水夫人",1040,"1"
"道教","開山聖侯",1041,"1"
"道教","國姓爺",1042,"1"
"道教","東嶽帝君",1043,"1"
"道教","老頭將軍",1044,"1"
"道教","萬年神",1045,"1"
"道教","玉皇大帝 福德正神 金府王爺",1046,"1"
"道教","蘇大王爺",1047,"1"
"道教","五龍真君",1048,"1"
"道教","玄天上帝中壇元帥",1049,"1"
"道教","天上聖母 王爺公",1050,"1"
"道教","舉人公",1051,"1"
"道教","郭府聖王",1052,"1"
"道教","池王",1053,"1"
"道教","陶兵太子",1054,"1"
"道教","豐都大帝",1055,"1"
"道教","靈母娘娘",1056,"1"
"道教","五恩主",1057,"1"
"道教","劉府元帥",1058,"1"
"道教","溫府元帥",1059,"1"
"佛教","釋迦牟尼佛 阿彌陀佛 藥師佛",1060,"2"
"道教","謝安王",1061,"1"
"道教","尪元帥",1062,"1"
"道教","北極玄天六帝",1063,"1"
"道教","樹德元帥",1064,"1"
"道教","林府元帥",1065,"1"
"道教","五聖千歲",1066,"1"
"道教","黃二大使",1067,"1"
"道教","無極大濟佛",1068,"1"
"道教","國姓公（鄭成功）",1069,"1"
"道教","廖先生公",1070,"1"
"道教","宇宙三祖",1071,"1"
"道教","高武大帝",1072,"1"
"道教","元帥爺公",1073,"1"
"道教","洪府王爺",1074,"1"
"道教","五年千歲 朱府千歲",1075,"1"
"道教","蕭刑王朱沈五府王爺",1076,"1"
"道教","開台國聖觀音菩薩",1077,"1"
"道教","萬里千君",1078,"1"
"道教","太白金星",1079,"1"
"道教","五府千歲天上聖母",1080,"1"
"道教","邱元帥",1081,"1"
"佛教","娑婆三聖西方三聖",1082,"2"
"其他(儒教)","關雲長",1083,"5"
"道教","玉二聖母",1084,"1"
"道教","天官武財神",1085,"1"
"道教","陳府元帥",1086,"1"
"道教","蕭府公祖",1087,"1"
"道教","北極上帝",1088,"1"
"道教","黃皇聖帝",1089,"1"
"道教","秦府大帝",1090,"1"
"道教","寒單爺",1091,"1"
"道教","池府千歲 觀音佛祖",1092,"1"
"道教","大宋太后娘娘",1093,"1"
"道教","皇靈地祗",1094,"1"
"道教","萬聖公",1095,"1"
"道教","薛玉聖媽",1096,"1"
"道教","無極瑤池西王金母大天尊",1097,"1"
"道教","三坪祖師公",1098,"1"
"佛教","釋迦玉佛",1099,"2"
"道教","靈安尊王",1100,"1"
"道教","盧王千歲",1101,"1"
"道教","無極濟公活佛",1102,"1"
"道教","劉府王公",1103,"1"
"道教","開漳聖王 李三娘",1104,"1"
"道教","伍聖天尊",1105,"1"
"道教","蒼天上帝",1106,"1"
"道教","淵府千歲",1107,"1"
"道教","朱孫吳三府王爺",1108,"1"
"道教","張毓大帝",1109,"1"
"道教","天遷五帝",1110,"1"
"佛教","太陽帝君太陰皇君",1111,"2"
"道教","樹德尊王",1112,"1"
"道教","鄭新登公",1113,"1"
"道教","蘇府二王爺",1114,"1"
"道教","正一張府天師",1115,"1"
"道教","連奶夫人",1116,"1"
"道教","五穀先帝",1117,"1"
"道教","高府王爺",1118,"1"
"佛教","四面佛(大梵天王)",1119,"2"
"道教","國聖公",1120,"1"
"道教","茄苳王公",1121,"1"
"道教","董公真仙迦昆羅王",1122,"1"
"道教","保安廣澤尊王",1123,"1"
"道教","三府三王公",1124,"1"
"道教","水部尚書公",1125,"1"
"道教","公子爺",1126,"1"
"道教","朱府大王爺",1127,"1"
"道教","金斗公",1128,"1"
"道教","楊府元帥〈延昭〉",1129,"1"
"道教","太乙救苦天尊",1130,"1"
"道教","大使爺",1131,"1"
"道教","共王公夫人媽",1132,"1"
"道教","劉公聖君",1133,"1"
"道教","五尊恩王",1134,"1"
"道教","開台國聖鄭成功",1135,"1"
"道教","開山大帝",1136,"1"
"道教","林府駙馬",1137,"1"
"道教","狄府千歲",1138,"1"
"佛教","十一面觀音",1139,"2"
"道教","邢王",1140,"1"
"道教","關夫子菩薩 湄洲天上聖母",1141,"1"
"道教","張公法主聖君",1142,"1"
"道教","周文王",1143,"1"
"道教","夫人媽",1144,"1"
"道教","四面佛",1145,"1"
"道教","聖爺公",1146,"1"
"佛教","大日如來佛",1147,"2"
"佛教","釋迦摩尼佛",1148,"2"
"道教","朱 邢 李王爺",1149,"1"
"道教","李伍府千歲",1150,"1"
"道教","遊海元帥",1151,"1"
"道教","天仙府大帝",1152,"1"
"道教","佛公福德正神關聖帝君",1153,"1"
"道教","關聖帝君 何仙姑娘娘",1154,"1"
"道教","康府王爺",1155,"1"
"道教","三寶佛-玉皇上帝-王母娘娘",1156,"1"
"道教","陳聖公",1157,"1"
"道教","上帝爺公",1158,"1"
"道教","薛千歲",1159,"1"
"道教","五府千歲及三清道祖",1160,"1"
"道教","英靈祖師",1161,"1"
"道教","廣惠聖王",1162,"1"
"道教","周府老爺",1163,"1"
"道教","黑旗將軍",1164,"1"
"道教","南海觀音菩薩",1165,"1"
"道教","慚愧祖師公",1166,"1"
"道教","蕭府太傅",1167,"1"
"道教","魁星大帝",1168,"1"
"道教","五谷仙帝",1169,"1"
"道教","萬善諸公",1170,"1"
"道教","周倉爺",1171,"1"
"道教","五顯靈官大帝",1172,"1"
"道教","李江將軍",1173,"1"
"道教","安海三城隍",1174,"1"
"道教","靈台公",1175,"1"
"道教","玉女娘娘",1176,"1"
"道教","萬聖公媽",1177,"1"
"道教","九天玄女娘娘",1178,"1"
"道教","正義公",1179,"1"
"道教","五穀爺",1180,"1"
"道教","圓通大士",1181,"1"
"道教","七主王爺",1182,"1"
"道教","金王",1183,"1"
"道教","石車公",1184,"1"
"道教","檨仔王",1185,"1"
"道教","軒轅黃帝 蓮花菩薩",1186,"1"
"道教","春姑婆旋伯公",1187,"1"
"道教","金府帝爺",1188,"1"
"道教","溫康池王爺",1189,"1"
"道教","林奶夫人",1190,"1"
"道教","水德星君",1191,"1"
"道教","天官大帝",1192,"1"
"道教","白仙姑 劉聖君",1193,"1"
"道教","二府王爺",1194,"1"
"道教","孔明先聖",1195,"1"
"道教","趙元帥",1196,"1"
"道教","鄭夫人媽",1197,"1"
"道教","高總管",1198,"1"
"道教","三君子",1199,"1"
"道教","趙子龍",1200,"1"
"道教","鳳凰母娘",1201,"1"
"道教","玄天上帝觀音佛祖",1202,"1"
"道教","本官公",1203,"1"
"道教","瑤池西王金母",1204,"1"
"道教","朱李金王爺",1205,"1"
"道教","媽祖天上聖母",1206,"1"
"道教","李將軍",1207,"1"
"道教","陳奶夫人陳靖姑",1208,"1"
"道教","五福天仙",1209,"1"
"道教","林女帥",1210,"1"
"道教","黃道老仙師",1211,"1"
"道教","中元普渡公",1212,"1"
"道教","南府鯤鯓",1213,"1"
"佛教","定光佛",1214,"2"
"道教","大眾千歲",1215,"1"
"道教","無極混元玄玄上尊",1216,"1"
"道教","黃府太保",1217,"1"
"道教","李天王",1218,"1"
"道教","林元帥",1219,"1"
"道教","五府千歲 張巡 許遠 南齋雲 雷萬春 李伯",1220,"1"
"道教","江元帥",1221,"1"
"道教","萬興公",1222,"1"
"道教","杜府千歲",1223,"1"
"道教","朱李池王府王爺",1224,"1"
"道教","順興公",1225,"1"
"道教","高府千歲",1226,"1"
"道教","七將軍",1227,"1"
"道教","金龍太子",1228,"1"
"道教","莫府千歲",1229,"1"
"道教","天上聖母溫府千歲",1230,"1"
"道教","溫府 朱府 池府王爺",1231,"1"
"道教","楊公八使",1232,"1"
"道教","郭子儀",1233,"1"
"道教","張聖君",1234,"1"
"道教","武帥",1235,"1"
"道教","文海小城隍爺",1236,"1"
"道教","萬善君",1237,"1"
"道教","張 許二元帥",1238,"1"
"道教","五王代天巡守",1239,"1"
"道教","三善公",1240,"1"
"道教","將軍爺",1241,"1"
"道教","城隍爺公祖",1242,"1"
"道教","秦李池三府王爺",1243,"1"
"道教","耿府千歲",1244,"1"
"道教","伽藍千歲",1245,"1"
"道教","碧霞元君",1246,"1"
"道教","神龍仙姑",1247,"1"
"道教","竹仔腳祖",1248,"1"
"道教","三聖恩主",1249,"1"
"道教","保儀大夫尊王",1250,"1"
"道教","三十六天罡",1251,"1"
"道教","大樹公",1252,"1"
"一貫道","彌勒菩薩",1253,"3"
"道教","三太子爺",1254,"1"
"道教","林李池府千歲",1255,"1"
"道教","玄天高上帝",1256,"1"
"道教","雷府大將",1257,"1"
"道教","瑤池金母大天尊",1258,"1"
"佛教","釋迦如來佛",1259,"2"
"道教","水德聖君",1260,"1"
"道教","柳府千歲",1261,"1"
"道教","杳老公",1262,"1"
"道教","有應公婆土地公",1263,"1"
"道教","朱王爺 邱王爺",1264,"1"
"道教","大德禪師",1265,"1"
"道教","張公聖君(法主公)",1266,"1"
"道教","石明仙祖",1267,"1"
"佛教","五公佛祖",1268,"2"
"佛教","盧舍那佛",1269,"2"
"道教","天神爺開天聖王朱李池三千歲",1270,"1"
"道教","玉皇三公主娘娘",1271,"1"
"道教","五路財神",1272,"1"
"道教","金康元帥",1273,"1"
"道教","蔡府王爺",1274,"1"
"道教","李元帥",1275,"1"
"道教","周府元帥",1276,"1"
"道教","三聖公",1277,"1"
"佛教","千手千眼觀世音",1278,"2"
"道教","灝府千歲",1279,"1"
"道教","鎮殿五府千歲",1280,"1"
"道教","原始道德天尊",1281,"1"
"道教","張將軍",1282,"1"
"道教","王母娘娘 玄天上帝",1283,"1"
"道教","土地公婆",1284,"1"
"道教","岳府千歲",1285,"1"
"道教","烏面將軍",1286,"1"
"道教","忠義將軍",1287,"1"
"佛教","千手觀音佛",1288,"2"
"佛教","無緣靈骨幽冥菩薩",1289,"2"
"道教","五嶽大帝",1290,"1"
"道教","黎山老母",1291,"1"
"道教","准提佛母",1292,"1"
"道教","戴府王爺",1293,"1"
"道教","金 木 那吒三太子",1294,"1"
"道教","玉皇上帝 地母娘娘",1295,"1"
"道教","福德正神 蔡姑娘",1296,"1"
"道教","十二延天溪女娘娘",1297,"1"
"天德聖教","一旡宗主",1298,"24"
"道教","五文昌夫子五年千歲",1299,"1"
"道教","太陽星君太陰娘娘",1300,"1"
"道教","天上聖母王母娘娘",1301,"1"
"道教","聖義元帥",1302,"1"
"道教","齊天大聖大天尊",1303,"1"
"道教","楊府大神",1304,"1"
"道教","仙公媽",1305,"1"
"道教","大眾公",1306,"1"
"道教","人頭爺",1307,"1"
"道教","閰羅天子",1308,"1"
"佛教","藥師琉璃光如來佛",1309,"2"
"道教","楊府聖王",1310,"1"
"道教","王府元帥",1311,"1"
"道教","七星娘娘",1312,"1"
"佛教","三聖佛",1313,"2"
"道教","李鐵拐大仙翁",1314,"1"
"道教","胡將軍",1315,"1"
"道教","法師公",1316,"1"
"道教","蔭林祖師",1317,"1"
"道教","黑川伯公",1318,"1"
"道教","神農大帝 天上聖母",1319,"1"
"道教","省城隍爺",1320,"1"
"道教","孫將軍",1321,"1"
"道教","張池李王爺",1322,"1"
"道教","萬府千歲",1323,"1"
"道教","九天中壇元帥",1324,"1"
"道教","都天靈聖",1325,"1"
"佛教","泗洲文佛",1326,"2"
"佛教","三寶佛濟公菩薩",1327,"2"
"道教","台灣天下都城隍",1328,"1"
"道教","陳夫人",1329,"1"
"道教","英雄公",1330,"1"
"道教","勝府元帥",1331,"1"
"道教","孫府真人",1332,"1"
"道教","西王國母娘娘",1333,"1"
"道教","陰林祖師",1334,"1"
"道教","張蕭連公聖君",1335,"1"
"道教","五穀神農大帝",1336,"1"
"道教","蔡仙姑",1337,"1"
"道教","都天元帥",1338,"1"
"道教","福德正神 保生大帝",1339,"1"
"道教","田府千歲",1340,"1"
"道教","普唵祖師 太子公",1341,"1"
"道教","八聖娘娘",1342,"1"
"道教","五十人公",1343,"1"
"道教","蓮城佛祖",1344,"1"
"道教","五尊恩祖",1345,"1"
"道教","大二使爺",1346,"1"
"道教","三府王爺.天上聖母",1347,"1"
"道教","福王千歲",1348,"1"
"道教","包王爺",1349,"1"
"道教","三聖爺",1350,"1"
"道教","西天佛祖",1351,"1"
"佛教","濟公大佛",1352,"2"
"道教","中壇太子",1353,"1"
"道教","九皇大帝",1354,"1"
"道教","梨山老母",1355,"1"
"道教","狀元公",1356,"1"
"道教","鎮海五元帥",1357,"1"
"道教","玄天上帝 太子元帥",1358,"1"
"道教","董元帥爺",1359,"1"
"道教","聖侯公祖",1360,"1"
"道教","凝陽帝君",1361,"1"
"佛教","王寶佛",1362,"2"
"道教","王母娘娘金府千歲關聖帝君",1363,"1"
"道教","蘇府元帥",1364,"1"
"道教","范元帥",1365,"1"
"道教","梁聖公",1366,"1"
"道教","馬府二千歲",1367,"1"
"道教","南雲千歲",1368,"1"
"道教","寧靖王",1369,"1"
"道教","張天師大帝",1370,"1"
"道教","本埔八卦福神像",1371,"1"
"道教","義勇爺",1372,"1"
"道教","葉府千歲",1373,"1"
"道教","鄭府聖侯",1374,"1"
"道教","文賢聖帝",1375,"1"
"道教","文衡聖君",1376,"1"
"道教","義民爺公",1377,"1"
"道教","蕭太傅",1378,"1"
"道教","黃府三將軍",1379,"1"
"道教","鄭元帥",1380,"1"
"道教","華佗先師",1381,"1"
"道教","威烈侯",1382,"1"
"道教","陳府夫人",1383,"1"
"道教","?糖池",1384,"1"
"道教","萬仙爺公",1385,"1"
"道教","天王聖帝公",1386,"1"
"道教","陳府二元帥爺公",1387,"1"
"道教","本府將軍",1388,"1"
"道教","蘇 許仙童公",1389,"1"
"道教","水遷尊王",1390,"1"
"道教","崑府千歲",1391,"1"
"道教","王府大使",1392,"1"
"道教","楓樹尊王",1393,"1"
"道教","李托塔大王",1394,"1"
"道教","三尊恩主",1395,"1"
"道教","棟境公",1396,"1"
"道教","通府千歲",1397,"1"
"道教","茄正公",1398,"1"
"道教","岳隆德元帥",1399,"1"
"道教","文相公",1400,"1"
"道教","開府元帥",1401,"1"
"道教","無極混元聖祖",1402,"1"
"道教","天官五路武財神",1403,"1"
"道教","松府元帥",1404,"1"
"道教","四城隍",1405,"1"
"道教","中壇元帥 天上聖母",1406,"1"
"道教","天僊伍帝",1407,"1"
"道教","吳公真仙",1408,"1"
"道教","無上虛空地母慈尊",1409,"1"
"道教","三仙姑",1410,"1"
"道教","康趙溫元帥",1411,"1"
"道教","護國城隍",1412,"1"
"道教","三元真君",1413,"1"
"道教","陳靖姑三姐妹",1414,"1"
"道教","太白神君",1415,"1"
"道教","朱大姐",1416,"1"
"道教","福德正神 觀音佛祖",1417,"1"
"道教","三媽佛祖",1418,"1"
"道教","公王",1419,"1"
"道教","石碑(有求必應)",1420,"1"
"道教","徐媽",1421,"1"
"道教","十二瘟王",1422,"1"
"佛教","釋迦牟尼佛/釋迦牟尼佛",1423,"2"
"軒轅教","太上始祖軒轅黃帝",1424,"8"
"道教","李姑娘",1425,"1"
"道教","開天萬歲",1426,"1"
"道教","老仙公",1427,"1"
"道教","吉府王爺",1428,"1"
"道教","觀世音菩薩 都天大元帥",1429,"1"
"道教","五聖恩主公",1430,"1"
"道教","王勳千歲",1431,"1"
"道教","莆府千歲",1432,"1"
"道教","余慈爺公",1433,"1"
"佛教","四方三聖佛",1434,"2"
"道教","七夫人媽",1435,"1"
"道教","康元帥",1436,"1"
"道教","大聖爺",1437,"1"
"理教","無極聖宗古佛南海觀音佛祖",1438,"9"
"佛教","阿彌陀佛西方三聖",1439,"2"
"道教","隨身大將軍",1440,"1"
"道教","林聖四帝",1441,"1"
"道教","江府太師",1442,"1"
"佛教","藥師琉璃光佛",1443,"2"
"佛教","皇媽娘娘",1444,"2"
"道教","盤古祖師",1445,"1"
"道教","呂仙祖師",1446,"1"
"道教","楓府千歲",1447,"1"
"道教","妮聖娘娘",1448,"1"
"道教","玉龍尊王",1449,"1"
"道教","薛巡王爺",1450,"1"
"道教","三田都千歲",1451,"1"
"道教","三岳大帝",1452,"1"
"道教","宇宙母娘",1453,"1"
"道教","伏魔公",1454,"1"
"道教","薜府王爺",1455,"1"
"道教","倪府大人",1456,"1"
"道教","金天元帥",1457,"1"
"道教","眾陰公",1458,"1"
"道教","天上聖母 池府千歲",1459,"1"
"道教","白王爺",1460,"1"
"道教","伏魔大將軍",1461,"1"
"道教","福王老爺",1462,"1"
"道教","華陀真人",1463,"1"
"道教","老鼠礁大王",1464,"1"
"道教","神農大帝(五谷先帝)",1465,"1"
"道教","神農開天炎帝",1466,"1"
"道教","黑府將軍",1467,"1"
"道教","松王 檨王",1468,"1"
"道教","聖侯恩主公-陳淵",1469,"1"
"軒轅教","太上道祖軒轅黃帝",1470,"8"
"道教","平水尊王",1471,"1"
"道教","布伯公",1472,"1"
"道教","仙公至尊",1473,"1"
"道教","爐公先師",1474,"1"
"道教","神武天皇",1475,"1"
"道教","歲德民爺",1476,"1"
"道教","森府王爺",1477,"1"
"道教","七將軍爺",1478,"1"
"道教","朱府 李府 池府三府王爺",1479,"1"
"道教","天宋媽",1480,"1"
"道教","萬子姑娘",1481,"1"
"道教","神農炎帝",1482,"1"
"道教","六位尊王",1483,"1"
"道教","三令聖母",1484,"1"
"道教","伏羲氏神農氏軒轅氏",1485,"1"
"道教","混元老祖",1486,"1"
"天德聖教","一氣宗主",1487,"24"
"佛教","釋迦牟尼佛 孚佑帝君",1488,"2"
"道教","丁府元帥",1489,"1"
"道教","虛空三十六天童",1490,"1"
"道教","武德尊王",1491,"1"
"道教","安溪三城隍爺",1492,"1"
"道教","二姑娘媽",1493,"1"
"道教","岑府大使",1494,"1"
"道教","馬使爺",1495,"1"
"道教","子龍爺",1496,"1"
"道教","溫府七府千歲",1497,"1"
"道教","黃府姑娘 觀音佛祖 李府千歲",1498,"1"
"道教","城隍老爺",1499,"1"
"道教","閻羅天子包青天",1500,"1"
"道教","洪府千歲",1501,"1"
"道教","霞海城隍公祖",1502,"1"
"道教","五王千歲",1503,"1"
"道教","北斗星君",1504,"1"
"道教","文武大眾爺",1505,"1"
"道教","萬姓公媽祖",1506,"1"
"佛教","紅觀音菩薩",1507,"2"
"道教","董雙成仙姑",1508,"1"
"道教","威烈侯陳將軍",1509,"1"
"道教","莊公阿賽之香位",1510,"1"
"","黃帝老祖",1511,""
"道教","柳星君",1512,"1"
"道教","石頭公王",1513,"1"
"道教","二王公",1514,"1"
"道教","萬薛池府王爺",1515,"1"
"道教","長生帝君",1516,"1"
"道教","朱府二千歲",1517,"1"
"道教","方仙姑",1518,"1"
"道教","林太師",1519,"1"
"道教","何仙姑",1520,"1"
"道教","水尾公",1521,"1"
"道教","?封褒忠義民",1522,"1"
"道教","舜府千歲",1523,"1"
"道教","三輪菩薩",1524,"1"
"道教","無極靈山王母娘娘",1525,"1"
"道教","芋葉祖師 太陽星君 五顯大帝",1526,"1"
"道教","靈山王母娘娘",1527,"1"
"道教","金毛祖師",1528,"1"
"佛教","觀音 佛祖",1529,"2"
"天道","無生老母",1530,"23"
"道教","鍾馗",1531,"1"
"佛教","準提王菩薩",1532,"2"
"佛教","大如天佛",1533,"2"
"道教","牧馬侯-陳淵",1534,"1"
"天德聖教","無形古佛",1535,"24"
"天帝教","上帝",1536,"18"
"道教","葉朱李千歲",1537,"1"
"道教","包公聖祖",1538,"1"
"道教","陳乃夫人",1539,"1"
"道教","九天玄九菩薩",1540,"1"
"道教","秋香尊神",1541,"1"
"道教","伯公神像",1542,"1"
"道教","天極上帝",1543,"1"
"道教","陳聖王宮",1544,"1"
"道教","李府元帥三太子",1545,"1"
"道教","國姓爺鄭成功",1546,"1"
"道教","義善姑",1547,"1"
"道教","福德 如來 佛祖",1548,"1"
"道教","顯靈五帝",1549,"1"
"道教","五王爺",1550,"1"
"道教","三仙元師",1551,"1"
"道教","龍君帝君",1552,"1"
"道教","刑府大人",1553,"1"
"道教","徐元帥",1554,"1"
"道教","三老爺",1555,"1"
"道教","王母娘娘玉皇上帝",1556,"1"
"道教","女媧娘",1557,"1"
"道教","玉皇大天尊 無極瑤池金母",1558,"1"
"道教","四面金剛佛",1559,"1"
"道教","吉府千歲",1560,"1"
"道教","聖公伯",1561,"1"
"道教","娘媽",1562,"1"
"道教","九蓮佛祖",1563,"1"
"道教","百姓公 百姓媽",1564,"1"
"道教","酆都大帝",1565,"1"
"道教","五谷神農大帝",1566,"1"
"道教","福德爺公",1567,"1"
"道教","石靈大帝",1568,"1"
"道教","黃正公",1569,"1"
"道教","三法司",1570,"1"
"佛教","韋馱菩薩",1571,"2"
"道教","天上聖母老大媽",1572,"1"
"道教","謝府王爺",1573,"1"
"道教","盤古帝王",1574,"1"
"道教","蘇李池三府王爺",1575,"1"
"道教","姑婆媽",1576,"1"
"道教","五極大帝",1577,"1"
"道教","朱刑李三王爺",1578,"1"
"道教","護界聖帝",1579,"1"
"道教","天上聖母 福德正神 關聖帝君 觀音佛祖 註生娘娘 虎爺將軍 韋馱佛祖",1580,"1"
"道教","江府千歲",1581,"1"
"道教","許真人",1582,"1"
"道教","忠義烈士",1583,"1"
"道教","岳飛元帥",1584,"1"
"道教","天符神",1585,"1"
"道教","千眾爺",1586,"1"
"道教","查仙公",1587,"1"
"道教","陳刑科昌文",1588,"1"
"道教","節孝貞烈婦",1589,"1"
"道教","都天聖君",1590,"1"
"道教","法子公",1591,"1"
"道教","邱王爺",1592,"1"
"道教","百靈王公",1593,"1"
"道教","朱 邢 李府千歲",1594,"1"
"道教","三平祖師",1595,"1"
"道教","水吉成公",1596,"1"
"道教","羅安公",1597,"1"
"道教","張府夫人媽",1598,"1"
"道教","靈官大帝",1599,"1"
"道教","李府將軍",1600,"1"
"道教","玄天北極上帝",1601,"1"
"道教","梁夫人媽",1602,"1"
"道教","五天聖帝",1603,"1"
"道教","天上聖母娘娘",1604,"1"
"道教","萬府王爺",1605,"1"
"道教","董公",1606,"1"
"道教","城隍爺夫人",1607,"1"
"道教","三元三品三官大帝",1608,"1"
"道教","五穀聖帝",1609,"1"
"道教","萬善諸君",1610,"1"
"道教","閭山三元張公法主聖君",1611,"1"
"道教","天?公主",1612,"1"
"道教","李府三千歲",1613,"1"
"道教","鎮山城隍爺",1614,"1"
"道教","太子太保",1615,"1"
"道教","空中萬歲",1616,"1"
"道教","老頭大王",1617,"1"
"道教","劉海蟾祖師",1618,"1"
"道教","萬士爺",1619,"1"
"道教","湄洲聖母",1620,"1"
"道教","謝元帥",1621,"1"
"道教","三品夫人",1622,"1"
"道教","盧三公",1623,"1"
"道教","龍府元帥",1624,"1"
"道教","太子中壇元帥",1625,"1"
"道教","聖德元帥",1626,"1"
"道教","飛天大將",1627,"1"
"佛教","摩訶毘盧遮那佛",1628,"2"
"道教","六使公",1629,"1"
"道教","朱子公",1630,"1"
"佛教","正命金剛法寶輪",1631,"2"
"道教","媽祖佛祖",1632,"1"
"道教","地基主",1633,"1"
"道教","陳主帥",1634,"1"
"道教","神農先帝",1635,"1"
"道教","先生公",1636,"1"
"佛教","西方三佛",1637,"2"
"道教","五公禪師",1638,"1"
"道教","松山元帥",1639,"1"
"道教","無極混玄聖祖",1640,"1"
"道教","魏姑娘",1641,"1"
"道教","黃帝道祖",1642,"1"
"道教","天上聖母五年千歲五府千歲",1643,"1"
"道教","天官文財神",1644,"1"
"道教","萬善相公",1645,"1"
"道教","無極神母",1646,"1"
"一貫道","明明上帝 彌勒佛",1647,"3"
"佛教","慈音佛祖",1648,"2"
"道教","開天仙帝（神農氏）",1649,"1"
"佛教","大嬤觀音",1650,"2"
"道教","朱吳清三府王爺",1651,"1"
"道教","池 朱 康 伍府千歲",1652,"1"
"道教","昊天大帝",1653,"1"
"道教","武安王",1654,"1"
"道教","金 范 李三府千歲",1655,"1"
"佛教","瑤池金母 玉皇大帝",1656,"2"
"道教","郭聖王",1657,"1"
"道教","萬仁公",1658,"1"
"道教","關基廟主",1659,"1"
"道教","白少爺",1660,"1"
"道教","伏羲八卦祖師",1661,"1"
"道教","靈宮王天君",1662,"1"
"道教","楊府六使",1663,"1"
"道教","騎虎王爺公 土地公",1664,"1"
"道教","東廚帝君",1665,"1"
"道教","混元聖祖",1666,"1"
"道教","吳府三千歲及玉皇四殿下",1667,"1"
"道教","開閩尊王",1668,"1"
"道教","鄭成功王爺",1669,"1"
"道教","康天千歲",1670,"1"
"道教","朱李池吳范五府王爺",1671,"1"
"其他(儒教)","至聖先師孔子",1672,"5"
"道教","隨駕王爺玄天上帝",1673,"1"
"道教","甫奄公",1674,"1"
"道教","謝府大元帥",1675,"1"
"道教","楊太保元帥",1676,"1"
"道教","三坪祖師爺",1677,"1"
"道教","金元帥",1678,"1"
"道教","白將軍",1679,"1"
"道教","洪府元帥",1680,"1"
"道教","聖公媽",1681,"1"
"理教","聖宗古佛",1682,"9"
"道教","褒忠義士高顯爺尊神",1683,"1"
"道教","宋江爺",1684,"1"
"道教","周倉聖爺",1685,"1"
"道教","天上三聖母(媽祖)",1686,"1"
"佛教","大德定光古佛",1687,"2"
"道教","關呂張三聖",1688,"1"
"道教","廣信天師",1689,"1"
"道教","榮府王爺",1690,"1"
"道教","九府千歲",1691,"1"
"道教","李仙祖",1692,"1"
"佛教","千手千眼觀音佛",1693,"2"
"道教","張玉姑神像",1694,"1"
"佛教","釋迦牟尼佛 觀世音菩薩 地藏王菩薩",1695,"2"
"道教","朱池李千歲",1696,"1"
"道教","韓府千歲",1697,"1"
"道教","蔡府千歲",1698,"1"
"道教","關平 周倉將軍",1699,"1"
"道教","山有神君",1700,"1"
"道教","殷府三千歲",1701,"1"
"道教","好漢爺",1702,"1"
"道教","侯府王公",1703,"1"
"道教","聖母媽祖",1704,"1"
"道教","法主天君",1705,"1"
"佛教","五公菩薩",1706,"2"
"道教","玉皇上帝 玉皇三公主娘娘 玉皇四太子殿下",1707,"1"
"佛教","南海古佛",1708,"2"
"道教","陳靖姑娘娘",1709,"1"
"道教","鄧府天神",1710,"1"
"道教","瑤池金母娘娘",1711,"1"
"道教","青雲仙帝",1712,"1"
"道教","顯濟靈王",1713,"1"
"道教","董公真仙",1714,"1"
"道教","趙公明",1715,"1"
"道教","忠義十九公",1716,"1"
"道教","姜子牙",1717,"1"
"道教","忠勇侯",1718,"1"
"道教","將軍公",1719,"1"
"道教","定遠帝君趙恩主",1720,"1"
"道教","祖先公",1721,"1"
"佛教","三寶佛 觀世音菩薩",1722,"2"
"道教","張王",1723,"1"
"道教","五顯三大帝",1724,"1"
"道教","泰山",1725,"1"
"道教","代天下界公",1726,"1"
"道教","楊府三大神",1727,"1"
"道教","王府仙師",1728,"1"
"道教","應公應媽",1729,"1"
"道教","文尼真佛",1730,"1"
"道教","中央混元真母靈源天尊",1731,"1"
"道教","清水祖師爺",1732,"1"
"道教","天上聖母 方府千歲 順正府大王公",1733,"1"
"道教","仙姑娘媽",1734,"1"
"道教","真君",1735,"1"
"道教","韓愈",1736,"1"
"道教","武安尊二王",1737,"1"
"道教","三清祖師",1738,"1"
"道教","李廣將軍",1739,"1"
"道教","三法王",1740,"1"
"道教","龍府千歲",1741,"1"
"道教","薛王爺",1742,"1"
"道教","陳氏娘娘",1743,"1"
"道教","三子王爺",1744,"1"
"道教","福神像",1745,"1"
"道教","周爺公",1746,"1"
"道教","仙樹爺公 三山國王",1747,"1"
"道教","武德英侯秀江公",1748,"1"
"道教","金池府千歲",1749,"1"
"道教","九天玄母",1750,"1"
"佛教","慈航菩薩",1751,"2"
"佛教","釋迦佛尼佛",1752,"2"
"道教","五夫人媽",1753,"1"
"道教","羅周千歲",1754,"1"
"道教","普庵菩薩",1755,"1"
"道教","開蘭吳沙公",1756,"1"
"道教","五路財神爺",1757,"1"
"道教","十八義民",1758,"1"
"道教","董將軍",1759,"1"
"道教","苓府千歲",1760,"1"
"道教","文財神",1761,"1"
"道教","項羽元帥",1762,"1"
"道教","四十九公",1763,"1"
"道教","邪府王爺",1764,"1"
"道教","天上聖母三令聖母",1765,"1"
"道教","趙聖帝君",1766,"1"
"道教","張巡",1767,"1"
"道教","呂仙祖 樸靈公",1768,"1"
"道教","章府王爺",1769,"1"
"道教","朱府二王爺",1770,"1"
"道教","水流公",1771,"1"
"道教","蘇府梁王爺",1772,"1"
"道教","中壇元帥 蘇府王爺",1773,"1"
"道教","萬姓公媽神主牌位",1774,"1"
"天德聖教","一?宗主",1775,"24"
"道教","萬教帝君",1776,"1"
"佛教","大悲觀世音菩薩",1777,"2"
"道教","五文昌帝君",1778,"1"
"道教","土地伯公",1779,"1"
"道教","七省大元帥",1780,"1"
"道教","無極太上皇母",1781,"1"
"道教","天上聖母 夫人七姊妹",1782,"1"
"道教","孔德尊王",1783,"1"
"道教","三奶夫人媽",1784,"1"
"道教","安溪董公真人",1785,"1"
"道教","薛府元帥",1786,"1"
"道教","王孫大二 三使",1787,"1"
"道教","遊巡七王",1788,"1"
"道教","觀世音顯聖奇石菩薩",1789,"1"
"道教","天府王爺",1790,"1"
"道教","騰風元帥",1791,"1"
"道教","鬼谷子",1792,"1"
"道教","朱王",1793,"1"
"佛教","阿善師",1794,"2"
"道教","天上聖母北極玄天上帝",1795,"1"
"道教","二元帥",1796,"1"
"道教","仙姑",1797,"1"
"佛教","毘盧遮那佛",1798,"2"
"道教","余府元帥",1799,"1"
"道教","天上聖母老六媽祖",1800,"1"
"佛教","三寶如來",1801,"2"
"佛教","南無花化魚藍觀世音",1802,"2"
"道教","霞海城隍尊師",1803,"1"
"道教","三姑娘娘",1804,"1"
"道教","無極地母大天尊",1805,"1"
"道教","皇帝",1806,"1"
"其他(儒教)","孔夫子 文衡帝君",1807,"5"
"道教","南海觀音佛祖五母娘娘",1808,"1"
"道教","鎮海將軍",1809,"1"
"道教","順天聖母陳靖姑",1810,"1"
"道教","張府厲王",1811,"1"
"道教","五姓公",1812,"1"
"佛教","董公真人",1813,"2"
"道教","都城隍尊神",1814,"1"
"道教","文聖武帝君",1815,"1"
"道教","五府將軍",1816,"1"
"道教","通天元帥",1817,"1"
"其他(儒教)","大成至聖先師孔子",1818,"5"
"道教","紀王爺",1819,"1"
"道教","清水二祖師",1820,"1"
"道教","保生大帝 福德正神 觀音佛祖",1821,"1"
"道教","沈元帥",1822,"1"
"道教","陰那慚愧祖師",1823,"1"
"道教","紫陽朱夫子",1824,"1"
"道教","褔德正神",1825,"1"
"道教","周府大帝",1826,"1"
"道教","莊奶夫人",1827,"1"
"道教","萬平公",1828,"1"
"道教","大國尊王",1829,"1"
"道教","開彰聖王",1830,"1"
"道教","聖公",1831,"1"
"道教","薛仁貴千歲",1832,"1"
"道教","南無千手千眼觀世音菩?",1833,"1"
"道教","釋迦如來佛祖",1834,"1"
"道教","邱府千歲",1835,"1"
"道教","石頭公",1836,"1"
"道教","黑面北極玄天上帝",1837,"1"
"道教","月下老人",1838,"1"
"道教","洪元帥",1839,"1"
"道教","天上聖母 濟公禪師 觀世音菩薩",1840,"1"
"道教","福德正神〈土地公〉",1841,"1"
"道教","圓通道人文衡聖帝",1842,"1"
"道教","黑面佛祖",1843,"1"
"道教","南天玄天上帝",1844,"1"
"道教","朱府李府池府三府王爺",1845,"1"
"道教","轉輪聖王",1846,"1"
"道教","三奶娘",1847,"1"
"道教","汾陽王郭子儀",1848,"1"
"佛教","地藏王菩薩 清水菩薩 千手千眼觀世音菩薩",1849,"2"
"道教","黃府元帥",1850,"1"
"道教","五顯大帝.媽祖",1851,"1"
"道教","陳黃武三王爺",1852,"1"
"一貫道","明明上帝 彌勒祖師",1853,"3"
"道教","武財神玄壇真君趙公明",1854,"1"
"道教","觀音佛祖大眾爺",1855,"1"
"道教","閻羅天子大天尊仙佛",1856,"1"
"道教","福神正神",1857,"1"
"道教","萬善爺公",1858,"1"
"佛教","蓮花生大士",1859,"2"
"道教","溫池王爺",1860,"1"
"佛教","五方佛",1861,"2"
"道教","鎮國將軍",1862,"1"
"道教","吳府千歲 蕭府千歲 徐府千歲",1863,"1"
"佛教","果碩喇嘛",1864,"2"
"一貫道","彌陀祖師",1865,"3"
"道教","慈聖媽",1866,"1"
"道教","?榔公",1867,"1"
"道教","協天上帝",1868,"1"
"道教","荷葉先師",1869,"1"
"道教","順水媽",1870,"1"
"道教","十二王爺：譚府千歲",1871,"1"
"道教","大坵白馬大王",1872,"1"
"道教","北海道公",1873,"1"
"道教","文衡帝君",1874,"1"
"道教","五榖神農大帝",1875,"1"
"道教","千秋爺",1876,"1"
"道教","五王",1877,"1"
"道教","魏將軍",1878,"1"
"一貫道","無極老母明明上帝",1879,"3"
"其他(天主教)","天主",1880,"34"
"道教","石太保",1881,"1"
"道教","九龍殿下",1882,"1"
"其他(顯教)","三寶佛祖 觀世音菩薩",1883,"36"
"佛教","毘廬觀音佛祖",1884,"2"
"道教","五行財神",1885,"1"
"道教","元天上帝",1886,"1"
"道教","燃燈佛",1887,"1"
"道教","天上聖母 關聖帝君 天官大帝",1888,"1"
"道教","赦府千歲",1889,"1"
"道教","玄德聖帝",1890,"1"
"佛教","南無阿彌陀佛",1891,"2"
"道教","無上虛空地母至尊",1892,"1"
"道教","雷府千歲(雷萬春)",1893,"1"
"道教","湘軍劉少斌將軍",1894,"1"
"道教","大聖公媽",1895,"1"
"道教","太上道尊",1896,"1"
"道教","清雲祖師",1897,"1"
"道教","元弼真君",1898,"1"
"道教","武財神玄壇真君趙公明元帥",1899,"1"
"其他(宇宙彌勒皇教)","彌勒觀世音皇母",1900,"32"
"道教","鎮殿城前公",1901,"1"
"道教","中壇元帥三太子",1902,"1"
"道教","水來公千歲",1903,"1"
"佛教","南無大日如來",1904,"2"
"道教","太陽佛神",1905,"1"
"道教","康府大元帥",1906,"1"
"道教","玉皇大帝 三官大帝",1907,"1"
"道教","關聖帝君 天上聖母",1908,"1"
"道教","平西王",1909,"1"
"道教","天上聖母 開漳聖王 福德正神",1910,"1"
"道教","魯班",1911,"1"
"道教","武當山真武大帝",1912,"1"
"佛教","觀音古佛",1913,"2"
"道教","安溪城隍爺",1914,"1"
"道教","濟公禪師 關聖帝君 玉皇大天尊",1915,"1"
"道教","莊府千歲",1916,"1"
"道教","虛空地母",1917,"1"
"無","無",1918,"39"
